<?xml version="1.0"?>
<Runs Version="1" Minor="0">
	<Run Id="data_ram_synth_1" LaunchDir="D:/Work/vivado_project/DLC/MiniMIPS32/MiniMIPS32.runs/data_ram_synth_1" FlowId="Vivado_Synthesis" FromStepId="vivado" ToStepId="vivado"/>
	<Run Id="synth_1" LaunchDir="D:/Work/vivado_project/DLC/MiniMIPS32/MiniMIPS32.runs/synth_1" FlowId="Vivado_Synthesis" FromStepId="vivado" ToStepId="vivado">
		<Parent Id="data_ram_synth_1"/>
	</Run>
	<Run Id="impl_1" LaunchDir="D:/Work/vivado_project/DLC/MiniMIPS32/MiniMIPS32.runs/impl_1" FlowId="Vivado_Implementation" FromStepId="init_design" ToStepId="write_bitstream">
		<Parent Id="synth_1"/>
		<Parent Id="data_ram_synth_1"/>
	</Run>
</Runs>

