<?xml version="1.0" encoding="UTF-8"?>
<GenRun Id="synth_1" LaunchPart="xc7a35tftg256-1" LaunchTime="1687422233">
  <File Type="PA-TCL" Name="MiniMIPS32_SYS.tcl"/>
  <File Type="RDS-PROPCONSTRS" Name="MiniMIPS32_SYS_drc_synth.rpt"/>
  <File Type="REPORTS-TCL" Name="MiniMIPS32_SYS_reports.tcl"/>
  <File Type="RDS-RDS" Name="MiniMIPS32_SYS.vds"/>
  <File Type="RDS-UTIL" Name="MiniMIPS32_SYS_utilization_synth.rpt"/>
  <File Type="RDS-UTIL-PB" Name="MiniMIPS32_SYS_utilization_synth.pb"/>
  <File Type="RDS-DCP" Name="MiniMIPS32_SYS.dcp"/>
  <File Type="VDS-TIMINGSUMMARY" Name="MiniMIPS32_SYS_timing_summary_synth.rpt"/>
  <File Type="VDS-TIMING-PB" Name="MiniMIPS32_SYS_timing_summary_synth.pb"/>
  <FileSet Name="sources" Type="DesignSrcs" RelSrcDir="$PSRCDIR/sources_1">
    <Filter Type="Srcs"/>
    <File Path="$PSRCDIR/sources_1/imports/MiniMIPS32/defines.sv">
      <FileInfo>
        <Attr Name="ImportPath" Val="$PPRDIR/../../../../MiniMIPS32/MiniMIPS32.srcs/sources_1/imports/MiniMIPS32/defines.sv"/>
        <Attr Name="ImportTime" Val="1622347848"/>
        <Attr Name="UsedIn" Val="synthesis"/>
        <Attr Name="UsedIn" Val="implementation"/>
        <Attr Name="UsedIn" Val="simulation"/>
      </FileInfo>
    </File>
    <File Path="$PSRCDIR/sources_1/imports/MiniMIPS32/MiniMIPS32_SYS.sv">
      <FileInfo>
        <Attr Name="ImportPath" Val="$PPRDIR/../../../../MiniMIPS32/MiniMIPS32.srcs/sources_1/imports/MiniMIPS32/MiniMIPS32_SYS.sv"/>
        <Attr Name="ImportTime" Val="1622380611"/>
        <Attr Name="UsedIn" Val="synthesis"/>
        <Attr Name="UsedIn" Val="implementation"/>
        <Attr Name="UsedIn" Val="simulation"/>
      </FileInfo>
    </File>
    <File Path="$PSRCDIR/sources_1/imports/MiniMIPS32/MiniMIPS32.sv">
      <FileInfo>
        <Attr Name="ImportPath" Val="$PPRDIR/../normal/MiniMIPS32/MiniMIPS32.srcs/sources_1/imports/MiniMIPS32/MiniMIPS32.sv"/>
        <Attr Name="ImportTime" Val="1622366202"/>
        <Attr Name="UsedIn" Val="synthesis"/>
        <Attr Name="UsedIn" Val="implementation"/>
        <Attr Name="UsedIn" Val="simulation"/>
      </FileInfo>
    </File>
    <File Path="$PPRDIR/benchmark/5.sort/board/sort_board_data.coe">
      <FileInfo>
        <Attr Name="UsedIn" Val="synthesis"/>
        <Attr Name="UsedIn" Val="simulation"/>
      </FileInfo>
    </File>
    <File Path="$PPRDIR/benchmark/5.sort/board/sort_board_inst.coe">
      <FileInfo>
        <Attr Name="UsedIn" Val="synthesis"/>
        <Attr Name="UsedIn" Val="simulation"/>
      </FileInfo>
    </File>
    <File Path="$PSRCDIR/sources_1/new/register_file.sv">
      <FileInfo>
        <Attr Name="UsedIn" Val="synthesis"/>
        <Attr Name="UsedIn" Val="implementation"/>
        <Attr Name="UsedIn" Val="simulation"/>
      </FileInfo>
    </File>
    <File Path="$PSRCDIR/sources_1/new/pc.sv">
      <FileInfo>
        <Attr Name="UsedIn" Val="synthesis"/>
        <Attr Name="UsedIn" Val="implementation"/>
        <Attr Name="UsedIn" Val="simulation"/>
      </FileInfo>
    </File>
    <File Path="$PPRDIR/benchmark/1.mem/mem_inst.coe">
      <FileInfo>
        <Attr Name="UsedIn" Val="synthesis"/>
        <Attr Name="UsedIn" Val="simulation"/>
      </FileInfo>
    </File>
    <File Path="$PPRDIR/benchmark/1.mem/mem_data.coe">
      <FileInfo>
        <Attr Name="UsedIn" Val="synthesis"/>
        <Attr Name="UsedIn" Val="simulation"/>
      </FileInfo>
    </File>
    <File Path="$PPRDIR/benchmark/2.i-type/i-type_inst.coe">
      <FileInfo>
        <Attr Name="UsedIn" Val="synthesis"/>
        <Attr Name="UsedIn" Val="simulation"/>
      </FileInfo>
    </File>
    <File Path="$PPRDIR/benchmark/3.r-type/r-type_inst.coe">
      <FileInfo>
        <Attr Name="UsedIn" Val="synthesis"/>
        <Attr Name="UsedIn" Val="simulation"/>
      </FileInfo>
    </File>
    <File Path="$PPRDIR/benchmark/4.branch/branch_inst.coe">
      <FileInfo>
        <Attr Name="UsedIn" Val="synthesis"/>
        <Attr Name="UsedIn" Val="simulation"/>
      </FileInfo>
    </File>
    <File Path="$PPRDIR/benchmark/5.sort/sim/sort_sim_inst.coe">
      <FileInfo>
        <Attr Name="UsedIn" Val="synthesis"/>
        <Attr Name="UsedIn" Val="simulation"/>
      </FileInfo>
    </File>
    <File Path="$PPRDIR/benchmark/5.sort/sim/sort_sim_data.coe">
      <FileInfo>
        <Attr Name="UsedIn" Val="synthesis"/>
        <Attr Name="UsedIn" Val="simulation"/>
      </FileInfo>
    </File>
    <Config>
      <Option Name="DesignMode" Val="RTL"/>
      <Option Name="TopModule" Val="MiniMIPS32_SYS"/>
      <Option Name="TopAutoSet" Val="TRUE"/>
    </Config>
  </FileSet>
  <FileSet Name="constrs_in" Type="Constrs" RelSrcDir="$PSRCDIR/constrs_1">
    <Filter Type="Constrs"/>
    <File Path="$PSRCDIR/constrs_1/new/pin.xdc">
      <FileInfo>
        <Attr Name="UsedIn" Val="synthesis"/>
        <Attr Name="UsedIn" Val="implementation"/>
      </FileInfo>
    </File>
    <Config>
      <Option Name="ConstrsType" Val="XDC"/>
    </Config>
  </FileSet>
  <Strategy Version="1" Minor="2">
    <StratHandle Name="Vivado Synthesis Defaults" Flow="Vivado Synthesis 2017"/>
    <Step Id="synth_design"/>
  </Strategy>
  <BlockFileSet Type="BlockSrcs" Name="data_ram"/>
  <BlockFileSet Type="BlockSrcs" Name="inst_rom"/>
</GenRun>
