<?xml version="1.0" encoding="UTF-8"?>
<GenRun Id="inst_rom_synth_1" LaunchPart="xc7a35tftg256-1" LaunchTime="1687415503">
  <File Type="PA-TCL" Name="inst_rom.tcl"/>
  <File Type="REPORTS-TCL" Name="inst_rom_reports.tcl"/>
  <File Type="RDS-RDS" Name="inst_rom.vds"/>
  <File Type="RDS-UTIL" Name="inst_rom_utilization_synth.rpt"/>
  <File Type="RDS-UTIL-PB" Name="inst_rom_utilization_synth.pb"/>
  <File Type="RDS-DCP" Name="inst_rom.dcp"/>
  <FileSet Name="sources" Type="BlockSrcs" RelSrcDir="$PSRCDIR/inst_rom">
    <File Path="$PSRCDIR/sources_1/ip/inst_rom/inst_rom.xci">
      <FileInfo>
        <Attr Name="UsedIn" Val="synthesis"/>
        <Attr Name="UsedIn" Val="implementation"/>
        <Attr Name="UsedIn" Val="simulation"/>
      </FileInfo>
    </File>
    <Config>
      <Option Name="TopModule" Val="inst_rom"/>
      <Option Name="UseBlackboxStub" Val="1"/>
    </Config>
  </FileSet>
  <FileSet Name="constrs_in" Type="BlockSrcs" RelSrcDir="$PSRCDIR/inst_rom">
    <File Path="$PSRCDIR/sources_1/ip/inst_rom/inst_rom.xci">
      <FileInfo>
        <Attr Name="UsedIn" Val="synthesis"/>
        <Attr Name="UsedIn" Val="implementation"/>
        <Attr Name="UsedIn" Val="simulation"/>
      </FileInfo>
    </File>
    <Config>
      <Option Name="TopModule" Val="inst_rom"/>
      <Option Name="UseBlackboxStub" Val="1"/>
    </Config>
  </FileSet>
  <Strategy Version="1" Minor="2">
    <StratHandle Name="Vivado Synthesis Defaults" Flow="Vivado Synthesis 2017"/>
    <Step Id="synth_design"/>
  </Strategy>
</GenRun>
