<?xml version="1.0" encoding="UTF-8"?>
<GenRun Id="impl_1" LaunchPart="xc7a35tftg256-1" LaunchTime="1713232403">
  <File Type="BITSTR-BMM" Name="voter5_bd.bmm"/>
  <File Type="OPT-METHODOLOGY-DRC" Name="voter5_methodology_drc_opted.rpt"/>
  <File Type="INIT-TIMING" Name="voter5_timing_summary_init.rpt"/>
  <File Type="ROUTE-PWR" Name="voter5_power_routed.rpt"/>
  <File Type="PA-TCL" Name="voter5.tcl"/>
  <File Type="OPT-TIMING" Name="voter5_timing_summary_opted.rpt"/>
  <File Type="OPT-DCP" Name="voter5_opt.dcp"/>
  <File Type="ROUTE-PWR-SUM" Name="voter5_power_summary_routed.pb"/>
  <File Type="REPORTS-TCL" Name="voter5_reports.tcl"/>
  <File Type="OPT-DRC" Name="voter5_drc_opted.rpt"/>
  <File Type="OPT-HWDEF" Name="voter5.hwdef"/>
  <File Type="PWROPT-DCP" Name="voter5_pwropt.dcp"/>
  <File Type="PWROPT-DRC" Name="voter5_drc_pwropted.rpt"/>
  <File Type="PWROPT-TIMING" Name="voter5_timing_summary_pwropted.rpt"/>
  <File Type="PLACE-DCP" Name="voter5_placed.dcp"/>
  <File Type="PLACE-IO" Name="voter5_io_placed.rpt"/>
  <File Type="PLACE-CLK" Name="voter5_clock_utilization_placed.rpt"/>
  <File Type="PLACE-UTIL" Name="voter5_utilization_placed.rpt"/>
  <File Type="PLACE-UTIL-PB" Name="voter5_utilization_placed.pb"/>
  <File Type="PLACE-CTRL" Name="voter5_control_sets_placed.rpt"/>
  <File Type="PLACE-SIMILARITY" Name="voter5_incremental_reuse_placed.rpt"/>
  <File Type="PLACE-PRE-SIMILARITY" Name="voter5_incremental_reuse_pre_placed.rpt"/>
  <File Type="PLACE-TIMING" Name="voter5_timing_summary_placed.rpt"/>
  <File Type="POSTPLACE-PWROPT-DCP" Name="voter5_postplace_pwropt.dcp"/>
  <File Type="BG-BIN" Name="voter5.bin"/>
  <File Type="POSTPLACE-PWROPT-TIMING" Name="voter5_timing_summary_postplace_pwropted.rpt"/>
  <File Type="PHYSOPT-DCP" Name="voter5_physopt.dcp"/>
  <File Type="PHYSOPT-DRC" Name="voter5_drc_physopted.rpt"/>
  <File Type="BITSTR-MSK" Name="voter5.msk"/>
  <File Type="PHYSOPT-TIMING" Name="voter5_timing_summary_physopted.rpt"/>
  <File Type="ROUTE-ERROR-DCP" Name="voter5_routed_error.dcp"/>
  <File Type="ROUTE-DCP" Name="voter5_routed.dcp"/>
  <File Type="ROUTE-BLACKBOX-DCP" Name="voter5_routed_bb.dcp"/>
  <File Type="ROUTE-DRC" Name="voter5_drc_routed.rpt"/>
  <File Type="ROUTE-DRC-PB" Name="voter5_drc_routed.pb"/>
  <File Type="ROUTE-DRC-RPX" Name="voter5_drc_routed.rpx"/>
  <File Type="BITSTR-MMI" Name="voter5.mmi"/>
  <File Type="ROUTE-METHODOLOGY-DRC" Name="voter5_methodology_drc_routed.rpt"/>
  <File Type="ROUTE-METHODOLOGY-DRC-RPX" Name="voter5_methodology_drc_routed.rpx"/>
  <File Type="ROUTE-METHODOLOGY-DRC-PB" Name="voter5_methodology_drc_routed.pb"/>
  <File Type="ROUTE-PWR-RPX" Name="voter5_power_routed.rpx"/>
  <File Type="ROUTE-STATUS" Name="voter5_route_status.rpt"/>
  <File Type="ROUTE-STATUS-PB" Name="voter5_route_status.pb"/>
  <File Type="ROUTE-TIMINGSUMMARY" Name="voter5_timing_summary_routed.rpt"/>
  <File Type="ROUTE-TIMING-PB" Name="voter5_timing_summary_routed.pb"/>
  <File Type="ROUTE-TIMING-RPX" Name="voter5_timing_summary_routed.rpx"/>
  <File Type="ROUTE-SIMILARITY" Name="voter5_incremental_reuse_routed.rpt"/>
  <File Type="ROUTE-CLK" Name="voter5_clock_utilization_routed.rpt"/>
  <File Type="ROUTE-BUS-SKEW" Name="voter5_bus_skew_routed.rpt"/>
  <File Type="ROUTE-BUS-SKEW-PB" Name="voter5_bus_skew_routed.pb"/>
  <File Type="ROUTE-BUS-SKEW-RPX" Name="voter5_bus_skew_routed.rpx"/>
  <File Type="POSTROUTE-PHYSOPT-DCP" Name="voter5_postroute_physopt.dcp"/>
  <File Type="POSTROUTE-PHYSOPT-BLACKBOX-DCP" Name="voter5_postroute_physopt_bb.dcp"/>
  <File Type="POSTROUTE-PHYSOPT-TIMING" Name="voter5_timing_summary_postroute_physopted.rpt"/>
  <File Type="POSTROUTE-PHYSOPT-TIMING-PB" Name="voter5_timing_summary_postroute_physopted.pb"/>
  <File Type="POSTROUTE-PHYSOPT-TIMING-RPX" Name="voter5_timing_summary_postroute_physopted.rpx"/>
  <File Type="POSTROUTE-PHYSOPT-BUS-SKEW" Name="voter5_bus_skew_postroute_physopted.rpt"/>
  <File Type="POSTROUTE-PHYSOPT-BUS-SKEW-PB" Name="voter5_bus_skew_postroute_physopted.pb"/>
  <File Type="BG-BIT" Name="voter5.bit"/>
  <File Type="POSTROUTE-PHYSOPT-BUS-SKEW-RPX" Name="voter5_bus_skew_postroute_physopted.rpx"/>
  <File Type="BITSTR-RBT" Name="voter5.rbt"/>
  <File Type="BITSTR-NKY" Name="voter5.nky"/>
  <File Type="PDI-FILE" Name="voter5.pdi"/>
  <File Type="RCFI_FILE" Name="voter5.rcfi"/>
  <File Type="CFI_FILE" Name="voter5.cfi"/>
  <File Type="RNPI_FILE" Name="voter5.rnpi"/>
  <File Type="NPI_FILE" Name="voter5.npi"/>
  <File Type="RBD_FILE" Name="voter5.rbd"/>
  <File Type="BITSTR-LTX" Name="debug_nets.ltx"/>
  <File Type="BITSTR-LTX" Name="voter5.ltx"/>
  <File Type="BITSTR-SYSDEF" Name="voter5.sysdef"/>
  <File Type="BG-BGN" Name="voter5.bgn"/>
  <File Type="BG-DRC" Name="voter5.drc"/>
  <File Type="RDI-RDI" Name="voter5.vdi"/>
  <File Type="WBT-USG" Name="usage_statistics_webtalk.html"/>
  <FileSet Name="sources" Type="DesignSrcs" RelSrcDir="$PSRCDIR/sources_1">
    <Filter Type="Srcs"/>
    <File Path="$PSRCDIR/sources_1/new/voter5.sv">
      <FileInfo>
        <Attr Name="UsedIn" Val="synthesis"/>
        <Attr Name="UsedIn" Val="implementation"/>
        <Attr Name="UsedIn" Val="simulation"/>
      </FileInfo>
    </File>
    <Config>
      <Option Name="DesignMode" Val="RTL"/>
      <Option Name="TopModule" Val="voter5"/>
      <Option Name="TopAutoSet" Val="TRUE"/>
    </Config>
  </FileSet>
  <FileSet Name="constrs_in" Type="Constrs" RelSrcDir="$PSRCDIR/constrs_1">
    <Filter Type="Constrs"/>
    <File Path="$PSRCDIR/constrs_1/new/voter5_xdc.xdc">
      <FileInfo>
        <Attr Name="UsedIn" Val="synthesis"/>
        <Attr Name="UsedIn" Val="implementation"/>
      </FileInfo>
    </File>
    <Config>
      <Option Name="ConstrsType" Val="XDC"/>
    </Config>
  </FileSet>
  <FileSet Name="utils" Type="Utils" RelSrcDir="$PSRCDIR/utils_1">
    <Filter Type="Utils"/>
    <Config>
      <Option Name="TopAutoSet" Val="TRUE"/>
    </Config>
  </FileSet>
  <Strategy Version="1" Minor="2">
    <StratHandle Name="Vivado Implementation Defaults" Flow="Vivado Implementation 2019">
      <Desc>Default settings for Implementation.</Desc>
    </StratHandle>
    <Step Id="init_design"/>
    <Step Id="opt_design"/>
    <Step Id="power_opt_design"/>
    <Step Id="place_design"/>
    <Step Id="post_place_power_opt_design"/>
    <Step Id="phys_opt_design" EnableStepBool="1"/>
    <Step Id="route_design"/>
    <Step Id="post_route_phys_opt_design"/>
    <Step Id="write_bitstream">
      <Option Id="BinFile">1</Option>
    </Step>
  </Strategy>
</GenRun>
